concept,source,n_words,zipf_head,zipf_min,conc,aoa,wn_senses,wn_depth,ev_frac_llama8b,val_r_llama8b,ev_frac_falcon3b,val_r_falcon3b,zipf_bin,conc_bin
matter-of-factly humorous,moods,2,3.6,2.34,2.23,8.56,1,,0.6284726415911028,0.9971490829221664,0.40044855645724703,0.9914651938847133,rare,abstract
pedantic,moods,1,2.66,2.66,2.08,13.54,1,,0.6328421917653853,0.996105182555414,0.6149379724547976,0.9885638526507786,rare,abstract
wistful,moods,1,2.71,2.71,2.07,11.53,1,,0.5828023461564895,0.9959868250354644,0.6532729857024693,0.9877614208630153,rare,abstract
boastful,moods,1,2.5,2.5,2.48,9.0,1,,0.6911491083521997,0.9962195811733123,0.6457102625142961,0.9888673595019749,rare,abstract
mournful,moods,1,2.73,2.73,2.1,9.94,2,,0.5916585167569499,0.9960130049336341,0.6003303400107792,0.9888566874322438,rare,abstract
melodramatic,moods,1,2.94,2.94,2.08,10.89,2,,0.6253581152808282,0.996442275662576,0.6248329813991275,0.9887800699188596,rare,abstract
reverent,moods,1,2.46,2.46,1.5,11.5,2,,0.646858292721933,0.9959243459086264,0.5994057286353338,0.9872076993896848,rare,abstract
vindictive,moods,1,2.98,2.98,2.19,14.17,2,,0.6255140299758604,0.9963126663238772,0.6280419805220195,0.9858161636761257,rare,abstract
introspective,moods,1,2.9,2.9,1.52,13.57,1,,0.5939611557029909,0.9958951242508427,0.5080535936923254,0.9874929388364156,rare,abstract
warmhearted,moods,1,1.81,1.81,1.9,9.44,1,,0.6689098962853032,0.9959925874587028,0.6216734789666676,0.9866789863223121,rare,abstract
Cornel West,personas,2,5.29,2.35,3.44,5.89,10,11.0,,,,,rare,mid
jovial,moods,1,2.74,2.74,2.81,11.33,1,,0.6336854239625316,0.995849605529539,0.5744308133920034,0.9883290245419457,rare,mid
metaphysician,personalities,1,1.67,1.67,3.42,15.45,0,,0.6718466353993262,0.9961924745190528,0.5082708455267406,0.9903136491775513,rare,mid
lethargic,moods,1,2.78,2.78,2.61,12.11,1,,0.6470016957290711,0.99621965231434,0.5982972156433832,0.9870518587884449,rare,mid
homotopy theorist,personalities,2,3.16,2.18,2.54,11.84,1,8.0,0.6688579811203864,0.9962010537424395,0.616997684041659,0.991805442741939,rare,mid
sarcastically playful,moods,2,3.53,2.94,2.63,6.22,1,,0.6368083155924275,0.9968607464144307,0.5930780959980828,0.9896037720498585,rare,mid
acquirer,wordnet_noun,1,2.33,2.33,2.52,11.79,4,8.0,,,,,rare,mid
ramble,wordnet_noun,1,2.85,2.85,2.54,10.6,3,11.0,,,,,rare,mid
argon,wordnet_noun,1,2.86,2.86,3.2,15.19,1,7.0,,,,,rare,mid
seafaring,wordnet_noun,1,2.6,2.6,3.04,11.5,3,9.0,,,,,rare,mid
bayesian statistician,personalities,2,2.87,2.87,3.88,12.65,2,9.0,0.67041818917759,0.9960690659861411,0.6786618488175529,0.9920090153103783,rare,concrete
cryptographer,personalities,1,1.89,1.89,3.61,14.73,1,9.0,0.6777301560486516,0.9955945399499708,0.66805471267019,0.9893916703405834,rare,concrete
epidemiologist,personalities,1,2.49,2.49,3.58,15.6,1,9.0,0.7171967572742893,0.9958565023637587,0.6259795966602507,0.9907106984229315,rare,concrete
evolutionary geneticist,personalities,2,2.61,2.61,3.67,13.76,1,9.0,0.7416448583525996,0.9963095053549735,0.6785400112469991,0.9909410306385585,rare,concrete
paleontologist,personalities,1,2.52,2.52,4.62,12.5,1,8.0,0.7505098941826052,0.9958900540105758,0.6264660017830985,0.9908795981180101,rare,concrete
computational neuroscientist,personalities,2,2.7,2.7,4.0,14.11,1,10.0,0.7330331350526502,0.9956337617289636,0.6746922844932193,0.9914058361734662,rare,concrete
cognitive neuroscientist,personalities,2,2.7,2.7,4.0,14.11,1,10.0,0.6962373261490176,0.9960668433097101,0.6391899152880623,0.9912367179280236,rare,concrete
proteomics researcher,personalities,2,3.92,2.37,3.81,10.22,1,8.0,0.7436106921203675,0.9963063578451833,0.6995051687672025,0.9910640773319063,rare,concrete
linguist,personalities,1,2.87,2.87,3.72,13.82,2,8.0,0.6164439690689887,0.9957942655009608,0.6684829848153251,0.989724664461045,rare,concrete
ecologist,personalities,1,2.67,2.67,3.68,12.65,1,9.0,0.7489194422960281,0.995612254065852,0.6487330836909158,0.989859626406715,rare,concrete
nostalgic,moods,1,3.45,3.45,1.88,12.11,1,,0.6483583344567206,0.9955596693100468,0.6037202282320886,0.9871172819818769,mid,abstract
irrational,moods,1,3.56,3.56,1.79,11.28,3,7.0,0.6242897938336095,0.9955077017507246,0.595156063636144,0.9894171669369652,mid,abstract
passionate,moods,1,4.09,4.09,1.48,11.28,1,,0.6199610699569026,0.9957593640973491,0.5681336089259102,0.988287437529791,mid,abstract
cheerful,moods,1,3.6,3.6,2.34,7.68,2,,0.6552688777446747,0.9954727368970071,0.5420795303015482,0.98917289574941,mid,abstract
dramatic,moods,1,4.41,4.41,2.12,8.72,4,,0.6138323819445025,0.9957350011794798,0.613013010649454,0.989063214688074,mid,abstract
provocative,moods,1,3.44,3.44,1.9,12.21,2,,0.6520028287364591,0.9956057360095363,0.5995840416068122,0.9876110213143485,mid,abstract
pessimistic,moods,1,3.25,3.25,1.63,11.63,1,,0.5924266096084349,0.9959938987608878,0.5686944999865123,0.9882103006045023,mid,abstract
earnest,moods,1,3.66,3.66,2.24,10.22,4,6.0,0.6175579548843445,0.9954224690314262,0.6572464002030236,0.9880761589322772,mid,abstract
inspirational,moods,1,3.75,3.75,1.56,10.26,1,,0.6313968993002369,0.9956761810087389,0.539788394456818,0.9880554051626296,mid,abstract
relaxed,moods,1,4.01,4.01,2.5,7.63,9,,0.6066349687114838,0.9954576376945742,0.49059914407275973,0.9878450007665724,mid,abstract
complexity theorist,personalities,2,3.16,3.16,2.54,11.84,1,8.0,0.6811644737758944,0.9959819278409404,0.6430597205956777,0.990818685009366,mid,mid
Anchorage,places,1,3.42,3.42,3.48,12.0,5,10.0,,,,,mid,mid
set theorist,personalities,2,3.16,3.16,2.54,11.84,1,8.0,0.6939811567145009,0.9953973543259406,0.7183716779663449,0.9899318842660814,mid,mid
political theorist,personalities,2,3.16,3.16,2.54,11.84,1,8.0,0.6689818746620609,0.9957909564818105,0.604781051831586,0.9905265143939427,mid,mid
stern,moods,1,3.9,3.9,2.86,9.47,7,11.0,0.6141844314913596,0.9960342222644437,0.5739152275380635,0.9888089866865248,mid,mid
playful,moods,1,3.53,3.53,2.63,6.22,1,,0.6592922128977314,0.9957097115055207,0.5592663529373351,0.9889505250113351,mid,mid
becoming ugly,fears,2,4.42,4.42,3.23,4.17,4,,,,,,mid,mid
proof theorist,personalities,2,3.16,3.16,2.54,11.84,1,8.0,0.6541971554679256,0.9959347286532002,0.6127656577598481,0.9903565900666373,mid,mid
blunt,moods,1,3.9,3.9,3.07,11.05,9,,0.6271996147209599,0.9956271609952373,0.6051259168556758,0.9875830269995189,mid,mid
gloomy,moods,1,3.39,3.39,2.52,9.28,3,,0.5977120759987062,0.9957703217383354,0.563311850031217,0.9889079105286371,mid,mid
synthetic biologist,personalities,2,3.35,3.35,3.96,10.9,1,8.0,0.7436552739912464,0.9959915857161245,0.6528473155839103,0.9894098213740757,mid,concrete
climate scientist,personalities,2,4.21,4.21,4.24,6.89,1,7.0,0.7038382887840271,0.9941426573261138,0.6556840638319651,0.9910944104194641,mid,concrete
software engineer,personalities,2,4.5,4.5,4.64,9.89,4,7.0,0.6917230587813162,0.9954121112823486,0.6318257848421732,0.9898160639263335,mid,concrete
systems biologist,personalities,2,3.35,3.35,3.96,10.9,1,8.0,0.7859950113681055,0.9961684134698683,0.6548647696063632,0.9907208397274926,mid,concrete
bacteria,fears,1,4.19,4.19,4.14,9.28,1,7.0,,,,,mid,concrete
gaining weight,fears,2,5.02,4.13,3.94,6.53,10,8.0,,,,,mid,concrete
clothing,fears,1,4.47,4.47,4.43,4.22,4,7.0,,,,,mid,concrete
peanut butter,fears,2,4.4,3.9,4.93,5.78,3,8.0,,,,,mid,concrete
data scientist,personalities,2,4.21,4.21,4.24,6.89,1,7.0,0.6603473804650768,0.9945293068885803,0.6341322937182018,0.9896236856778463,mid,concrete
evolutionary biologist,personalities,2,3.35,3.35,3.96,10.9,1,8.0,0.7482738273759042,0.9962119729288162,0.6522129589603061,0.9908885870661054,mid,concrete
love,fears,1,5.82,5.82,2.07,5.17,10,8.0,,,,,freq,abstract
failure,fears,1,4.72,4.72,2.08,8.0,7,8.0,,,,,freq,abstract
defense,wordnet_noun,1,4.93,4.93,2.45,8.8,12,12.0,,,,,freq,abstract
selection,wordnet_noun,1,4.62,4.62,2.34,7.21,5,7.0,,,,,freq,abstract
welcome,wordnet_noun,1,4.99,4.99,2.07,4.06,6,6.0,,,,,freq,abstract
health,wordnet_noun,1,5.44,5.44,2.28,7.56,2,9.0,,,,,freq,abstract
opinion,wordnet_noun,1,4.94,4.94,1.93,8.42,6,8.0,,,,,freq,abstract
keep,wordnet_noun,1,5.66,5.66,2.37,4.42,25,9.0,,,,,freq,abstract
times,wordnet_noun,1,5.56,5.56,2.07,6.7,17,10.0,,,,,freq,abstract
democracy,wordnet_noun,1,4.51,4.51,1.78,10.17,3,7.0,,,,,freq,abstract
work,fears,1,5.96,5.96,3.48,5.86,34,8.0,,,,,freq,mid
pain,fears,1,5.03,5.03,3.5,4.26,7,9.0,,,,,freq,mid
marriage,fears,1,4.91,4.91,2.51,7.17,4,10.0,,,,,freq,mid
technology,fears,1,5.09,5.09,3.24,9.06,2,8.0,,,,,freq,mid
being alone,fears,2,5.16,5.16,2.86,4.94,6,,,,,,freq,mid
time,fears,1,6.29,6.29,3.07,5.16,15,7.0,,,,,freq,mid
sport,wordnet_noun,1,4.73,4.73,3.48,5.74,9,9.0,,,,,freq,mid
operation,wordnet_noun,1,4.92,4.92,3.44,7.84,11,10.0,,,,,freq,mid
present,wordnet_noun,1,5.18,5.18,3.39,4.83,18,7.0,,,,,freq,mid
worry,wordnet_noun,1,4.84,4.84,2.55,6.61,8,7.0,,,,,freq,mid
people,fears,1,6.25,6.25,4.82,3.52,6,8.0,,,,,freq,concrete
paper,fears,1,5.07,5.07,4.93,4.0,9,9.0,,,,,freq,concrete
Little Rock,places,2,5.03,5.03,4.91,3.22,9,14.0,,,,,freq,concrete
silver,fears,1,4.81,4.81,4.52,6.21,12,10.0,,,,,freq,concrete
water,fears,1,5.52,5.52,5.0,2.37,10,9.0,,,,,freq,concrete
bad breath,fears,2,4.52,4.52,4.36,5.81,5,10.0,,,,,freq,concrete
rooms,fears,1,4.56,4.56,4.57,4.11,6,8.0,,,,,freq,concrete
Mexico City,places,2,5.61,4.75,4.79,6.56,3,8.0,,,,,freq,concrete
snow,fears,1,4.66,4.66,4.85,4.11,6,9.0,,,,,freq,concrete
money,fears,1,5.64,5.64,4.54,5.11,3,7.0,,,,,freq,concrete
